{"v":"5.6.5","fr":30,"ip":0,"op":10,"w":32,"h":32,"nm":"instagram","ddd":0,"assets":[],"layers":[{"ddd":0,"ind":1,"ty":4,"nm":"instagram","sr":1,"ks":{"o":{"a":0,"k":100,"ix":11},"r":{"a":0,"k":0,"ix":10},"p":{"a":1,"k":[{"i":{"x":0.3,"y":1},"o":{"x":0.3,"y":0},"t":0,"s":[16,16,0],"to":[0.222,0.264,0],"ti":[-0.222,-0.264,0]},{"t":10,"s":[17.333,17.583,0]}],"ix":2},"a":{"a":0,"k":[12,12,0],"ix":1},"s":{"a":0,"k":[100,100,100],"ix":6}},"ao":0,"shapes":[{"ty":"gr","it":[{"ty":"gr","it":[{"ind":0,"ty":"sh","ix":1,"ks":{"a":0,"k":{"i":[[0,0]],"o":[[0,0]],"v":[[17.5,6.5]],"c":true},"ix":2},"nm":"Path 1","mn":"ADBE Vector Shape - Group","hd":false},{"ty":"st","c":{"a":0,"k":[0,0,0,1],"ix":3},"o":{"a":0,"k":100,"ix":4},"w":{"a":0,"k":2,"ix":5},"lc":2,"lj":2,"bm":0,"nm":"Stroke 1","mn":"ADBE Vector Graphic - Stroke","hd":false},{"ty":"tr","p":{"a":0,"k":[0,0],"ix":2},"a":{"a":0,"k":[0,0],"ix":1},"s":{"a":0,"k":[100,100],"ix":3},"r":{"a":0,"k":0,"ix":6},"o":{"a":0,"k":100,"ix":7},"sk":{"a":0,"k":0,"ix":4},"sa":{"a":0,"k":0,"ix":5},"nm":"Transform"}],"nm":"light","np":2,"cix":2,"bm":0,"ix":1,"mn":"ADBE Vector Group","hd":false},{"ty":"gr","it":[{"ind":0,"ty":"sh","ix":1,"ks":{"a":0,"k":{"i":[[-0.259,-1.743],[2.185,-0.323],[0.325,2.185],[-2.186,0.324],[-0.389,-0.058]],"o":[[0.324,2.186],[-2.185,0.324],[-0.323,-2.185],[0.389,-0.058],[1.743,0.258]],"v":[[3.956,-0.719],[0.587,3.824],[-3.958,0.454],[-0.587,-4.09],[0.587,-4.09]],"c":true},"ix":2},"nm":"Path 1","mn":"ADBE Vector Shape - Group","hd":false},{"ty":"st","c":{"a":0,"k":[0,0,0,1],"ix":3},"o":{"a":0,"k":100,"ix":4},"w":{"a":0,"k":2,"ix":5},"lc":2,"lj":2,"bm":0,"nm":"Stroke 1","mn":"ADBE Vector Graphic - Stroke","hd":false},{"ty":"tr","p":{"a":1,"k":[{"i":{"x":0.3,"y":1},"o":{"x":0.3,"y":0},"t":0,"s":[12.043,12.09],"to":[-0.433,-0.486],"ti":[0.433,0.486]},{"t":10,"s":[9.443,9.175]}],"ix":2},"a":{"a":0,"k":[0,0],"ix":1},"s":{"a":0,"k":[100,100],"ix":3},"r":{"a":0,"k":0,"ix":6},"o":{"a":0,"k":100,"ix":7},"sk":{"a":0,"k":0,"ix":4},"sa":{"a":0,"k":0,"ix":5},"nm":"Transform"}],"nm":"lens","np":2,"cix":2,"bm":0,"ix":2,"mn":"ADBE Vector Group","hd":false},{"ty":"gr","it":[{"ind":0,"ty":"sh","ix":1,"ks":{"a":1,"k":[{"i":{"x":0.3,"y":1},"o":{"x":0.3,"y":0},"t":0,"s":[{"i":[[-0.259,-1.743],[2.185,-0.323],[0.325,2.185],[-2.186,0.324],[-0.389,-0.058]],"o":[[0.324,2.186],[-2.185,0.324],[-0.323,-2.185],[0.389,-0.058],[1.743,0.258]],"v":[[3.956,-0.719],[0.587,3.824],[-3.958,0.454],[-0.587,-4.09],[0.587,-4.09]],"c":true}]},{"t":10,"s":[{"i":[[-0.259,-1.743],[2.185,-0.323],[0.325,2.185],[-2.186,0.324],[-0.389,-0.058]],"o":[[0.324,2.186],[-2.185,0.324],[-0.323,-2.185],[0.389,-0.058],[1.743,0.258]],"v":[[3.956,-0.719],[0.587,3.824],[-3.958,0.454],[-3.233,-5.138],[1.714,-6.579]],"c":true}]}],"ix":2},"nm":"Path 1","mn":"ADBE Vector Shape - Group","hd":false},{"ty":"tm","s":{"a":1,"k":[{"i":{"x":[0.675],"y":[1]},"o":{"x":[0.43],"y":[0]},"t":0,"s":[0]},{"i":{"x":[0.43],"y":[1]},"o":{"x":[0.185],"y":[0]},"t":3,"s":[10]},{"t":10,"s":[0]}],"ix":1},"e":{"a":1,"k":[{"i":{"x":[0.675],"y":[0.711]},"o":{"x":[0.43],"y":[0]},"t":0,"s":[50]},{"i":{"x":[0.43],"y":[1]},"o":{"x":[0.185],"y":[1.03]},"t":3,"s":[60.932]},{"t":10,"s":[65]}],"ix":2},"o":{"a":0,"k":-40,"ix":3},"m":1,"ix":2,"nm":"Trim Paths 1","mn":"ADBE Vector Filter - Trim","hd":false},{"ty":"st","c":{"a":0,"k":[0,0,0,1],"ix":3},"o":{"a":0,"k":100,"ix":4},"w":{"a":0,"k":2,"ix":5},"lc":2,"lj":2,"bm":0,"nm":"Stroke 1","mn":"ADBE Vector Graphic - Stroke","hd":false},{"ty":"tr","p":{"a":0,"k":[12.043,12.09],"ix":2},"a":{"a":0,"k":[0,0],"ix":1},"s":{"a":0,"k":[100,100],"ix":3},"r":{"a":0,"k":-31,"ix":6},"o":{"a":0,"k":100,"ix":7},"sk":{"a":0,"k":0,"ix":4},"sa":{"a":0,"k":0,"ix":5},"nm":"Transform"}],"nm":"lens back","np":3,"cix":2,"bm":0,"ix":3,"mn":"ADBE Vector Group","hd":false},{"ty":"gr","it":[{"ind":0,"ty":"sh","ix":1,"ks":{"a":0,"k":{"i":[[-2.761,0],[0,0],[0,-2.761],[0,0],[2.762,0],[0,0],[0,2.762],[0,0]],"o":[[0,0],[2.762,0],[0,0],[0,2.762],[0,0],[-2.761,0],[0,0],[0,-2.761]],"v":[[-5,-10],[5,-10],[10,-5],[10,5],[5,10],[-5,10],[-10,5],[-10,-5]],"c":true},"ix":2},"nm":"Path 1","mn":"ADBE Vector Shape - Group","hd":false},{"ty":"st","c":{"a":0,"k":[0,0,0,1],"ix":3},"o":{"a":0,"k":100,"ix":4},"w":{"a":0,"k":2,"ix":5},"lc":2,"lj":2,"bm":0,"nm":"Stroke 1","mn":"ADBE Vector Graphic - Stroke","hd":false},{"ty":"tr","p":{"a":0,"k":[12,12],"ix":2},"a":{"a":0,"k":[0,0],"ix":1},"s":{"a":0,"k":[100,100],"ix":3},"r":{"a":0,"k":0,"ix":6},"o":{"a":0,"k":100,"ix":7},"sk":{"a":0,"k":0,"ix":4},"sa":{"a":0,"k":0,"ix":5},"nm":"Transform"}],"nm":"camera","np":2,"cix":2,"bm":0,"ix":4,"mn":"ADBE Vector Group","hd":false},{"ty":"tr","p":{"a":1,"k":[{"i":{"x":0.3,"y":1},"o":{"x":0.3,"y":0},"t":0,"s":[12,12],"to":[-0.278,-0.556],"ti":[0.278,0.556]},{"t":10,"s":[10.333,8.667]}],"ix":2},"a":{"a":0,"k":[12,12],"ix":1},"s":{"a":0,"k":[100,100],"ix":3},"r":{"a":1,"k":[{"i":{"x":[0.3],"y":[1]},"o":{"x":[0.3],"y":[0]},"t":0,"s":[0]},{"t":10,"s":[18]}],"ix":6},"o":{"a":0,"k":100,"ix":7},"sk":{"a":1,"k":[{"i":{"x":[0.3],"y":[1]},"o":{"x":[0.3],"y":[0]},"t":0,"s":[0]},{"t":10,"s":[10]}],"ix":4},"sa":{"a":0,"k":0,"ix":5},"nm":"Transform"}],"nm":"Camera","np":4,"cix":2,"bm":0,"ix":1,"mn":"ADBE Vector Group","hd":false},{"ty":"gr","it":[{"ty":"gr","it":[{"ind":0,"ty":"sh","ix":1,"ks":{"a":1,"k":[{"i":{"x":0.833,"y":0.833},"o":{"x":0.3,"y":0},"t":0,"s":[{"i":[[-2.761,0],[0,0],[0,-2.761],[0,0],[2.762,0],[0,0],[0,2.762],[0,0]],"o":[[0,0],[2.762,0],[0,0],[0,2.762],[0,0],[-2.761,0],[0,0],[0,-2.761]],"v":[[-5,-10],[5,-10],[10,-5],[10,5],[5,10],[-5,10],[-10,5],[-10,-5]],"c":true}]},{"i":{"x":0.3,"y":1},"o":{"x":0.167,"y":0.167},"t":5,"s":[{"i":[[-2.761,0],[0,0],[-0.043,-2.687],[0,0],[2.762,0],[0,0],[2.435,5.621],[0,0]],"o":[[0,0],[1.777,2.192],[0,0],[0,2.762],[0,0],[-3.548,0.072],[0,0],[0,-2.761]],"v":[[-5,-10],[6.161,-10.927],[9.88,-2.553],[10,5],[5,10],[-4.932,10.277],[-12.281,3.982],[-10,-5]],"c":true}]},{"t":10,"s":[{"i":[[-2.761,0],[0,0],[-0.058,-2.661],[0,0],[2.762,0],[0,0],[3.267,6.597],[0,0]],"o":[[0,0],[1.441,2.94],[0,0],[0,2.762],[0,0],[-3.816,0.096],[0,0],[0,-2.761]],"v":[[-5,-10],[5.828,-11.193],[9.839,-1.718],[10,5],[5,10],[-4.909,10.372],[-13.06,3.635],[-10,-5]],"c":true}]}],"ix":2},"nm":"Path 1","mn":"ADBE Vector Shape - Group","hd":false},{"ty":"tm","s":{"a":1,"k":[{"i":{"x":[0.3],"y":[1]},"o":{"x":[0.3],"y":[0]},"t":0,"s":[28]},{"t":10,"s":[16]}],"ix":1},"e":{"a":1,"k":[{"i":{"x":[0.3],"y":[1]},"o":{"x":[0.3],"y":[0]},"t":0,"s":[71]},{"t":10,"s":[74]}],"ix":2},"o":{"a":0,"k":0,"ix":3},"m":1,"ix":2,"nm":"Trim Paths 1","mn":"ADBE Vector Filter - Trim","hd":false},{"ty":"st","c":{"a":0,"k":[0,0,0,1],"ix":3},"o":{"a":0,"k":100,"ix":4},"w":{"a":0,"k":2,"ix":5},"lc":2,"lj":2,"bm":0,"nm":"Stroke 1","mn":"ADBE Vector Graphic - Stroke","hd":false},{"ty":"tr","p":{"a":0,"k":[12,12],"ix":2},"a":{"a":0,"k":[0,0],"ix":1},"s":{"a":0,"k":[100,100],"ix":3},"r":{"a":0,"k":0,"ix":6},"o":{"a":0,"k":100,"ix":7},"sk":{"a":0,"k":0,"ix":4},"sa":{"a":0,"k":0,"ix":5},"nm":"Transform"}],"nm":"camera","np":3,"cix":2,"bm":0,"ix":1,"mn":"ADBE Vector Group","hd":false},{"ty":"tr","p":{"a":0,"k":[12,12],"ix":2},"a":{"a":0,"k":[12,12],"ix":1},"s":{"a":0,"k":[100,100],"ix":3},"r":{"a":1,"k":[{"i":{"x":[0.3],"y":[1]},"o":{"x":[0.3],"y":[0]},"t":0,"s":[0]},{"t":10,"s":[18]}],"ix":6},"o":{"a":0,"k":100,"ix":7},"sk":{"a":1,"k":[{"i":{"x":[0.3],"y":[1]},"o":{"x":[0.3],"y":[0]},"t":0,"s":[0]},{"t":10,"s":[10]}],"ix":4},"sa":{"a":0,"k":0,"ix":5},"nm":"Transform"}],"nm":"Camera back","np":1,"cix":2,"bm":0,"ix":2,"mn":"ADBE Vector Group","hd":false}],"ip":0,"op":10,"st":0,"bm":0}],"markers":[]}